Title,Genre,Director,Year,Rating,Budget,Revenue
Movie_1,Thriller,Christopher Nolan,1987,4.5,144042878,181074389
Movie_2,Horror,Greta Gerwig,2019,4.2,191069324,199452586
Movie_3,Adventure,Guy Ritchie,1991,8.5,158923831,1011349256
Movie_4,Romance,Taika Waititi,2006,5.2,97414082,595721369
Movie_5,Thriller,Guy Ritchie,1987,6.1,59458981,170762496
Movie_6,Fantasy,Guy Ritchie,2004,9.4,15418934,159157304
Movie_7,Drama,Martin Scorsese,2025,5.9,93122861,309743436
Movie_8,Thriller,Martin Scorsese,1983,5.6,179222855,1445775554
Movie_9,Adventure,Quentin Tarantino,2012,9.1,295027954,3903541379
Movie_10,Romance,Greta Gerwig,1980,4.6,90088493,255358499
Movie_11,Horror,Quentin Tarantino,1998,8.2,226467088,969353484
Movie_12,Adventure,Greta Gerwig,2010,9.4,197566088,1440802117
Movie_13,Adventure,Denis Villeneuve,1995,9.0,214540458,1036380155
Movie_14,Drama,Christopher Nolan,1993,7.6,165634456,1436740450
Movie_15,Sci-Fi,Guy Ritchie,1984,5.7,81975216,633832057
Movie_16,Romance,Denis Villeneuve,2020,5.4,173903264,1072735589
Movie_17,Comedy,Patty Jenkins,2005,8.5,88385781,1017300039
Movie_18,Adventure,Ridley Scott,2007,8.8,179082440,1191067179
Movie_19,Sci-Fi,James Cameron,1981,6.9,151357841,437427480
Movie_20,Comedy,Greta Gerwig,1985,5.3,161576055,1055995823
Movie_21,Romance,Patty Jenkins,1988,4.6,161517306,523551210
Movie_22,Action,Ridley Scott,2012,4.5,157076801,805647886
Movie_23,Fantasy,Taika Waititi,2020,8.0,23536636,109003154
Movie_24,Sci-Fi,David Fincher,2004,6.3,56638138,111942186
Movie_25,Animation,Christopher Nolan,1992,9.0,226921017,3246452478
Movie_26,Action,Quentin Tarantino,1988,8.1,291105763,987234280
Movie_27,Fantasy,Quentin Tarantino,1992,5.1,151433393,1223176866
Movie_28,Drama,Denis Villeneuve,2010,7.4,105463611,1223865140
Movie_29,Thriller,Martin Scorsese,2020,6.4,84269226,707238766
Movie_30,Horror,Ridley Scott,1990,7.2,264198244,2136566828
Movie_31,Animation,David Fincher,1983,8.1,146974606,1201125268
Movie_32,Drama,Patty Jenkins,2013,8.4,275905179,3273712667
Movie_33,Romance,Christopher Nolan,2017,8.6,191651921,997519853
Movie_34,Drama,Ridley Scott,2025,5.4,1344126,6204042
Movie_35,Thriller,David Fincher,1983,4.2,183034069,820361080
Movie_36,Romance,James Cameron,2017,8.1,151743551,953389556
Movie_37,Animation,Greta Gerwig,1998,4.6,297006794,1090909745
Movie_38,Thriller,Quentin Tarantino,1985,5.7,95117048,359130741
Movie_39,Comedy,Patty Jenkins,2013,4.0,220241219,872088752
Movie_40,Horror,Quentin Tarantino,1997,7.7,12301119,131735062
Movie_41,Animation,Patty Jenkins,1992,4.9,141157062,333481395
Movie_42,Comedy,Denis Villeneuve,2020,7.6,242274428,2777038537
Movie_43,Fantasy,Martin Scorsese,2002,9.5,122595991,1356508187
Movie_44,Animation,Patty Jenkins,1998,4.4,224813443,1337946404
Movie_45,Fantasy,Quentin Tarantino,2024,4.4,134307520,578346267
Movie_46,Romance,Denis Villeneuve,1990,5.9,63022454,480155973
Movie_47,Comedy,Patty Jenkins,1980,8.8,149911053,293764034
Movie_48,Horror,James Cameron,2003,5.2,50359781,352408153
Movie_49,Thriller,Martin Scorsese,1986,6.0,130595121,200746434
Movie_50,Adventure,Patty Jenkins,2004,4.4,146072248,929292126
Movie_51,Drama,Denis Villeneuve,2000,8.2,44965824,585802719
Movie_52,Action,Taika Waititi,1994,6.2,211568805,802375871
Movie_53,Horror,Ridley Scott,1980,8.2,149143141,604694455
Movie_54,Comedy,Steven Spielberg,1991,9.0,153310767,1754423779
Movie_55,Adventure,David Fincher,1986,5.3,71542236,210152131
Movie_56,Horror,Steven Spielberg,1994,8.4,157862448,1872092921
Movie_57,Comedy,Taika Waititi,2000,4.3,261475593,386751793
Movie_58,Sci-Fi,Steven Spielberg,1998,8.9,291044763,974825837
Movie_59,Sci-Fi,Taika Waititi,2008,7.6,169445972,2022875251
Movie_60,Fantasy,Christopher Nolan,2004,8.8,29735942,299193985
Movie_61,Horror,Taika Waititi,2012,4.0,276417708,1532064069
Movie_62,Sci-Fi,Taika Waititi,2011,4.9,259274899,830950001
Movie_63,Comedy,Guy Ritchie,2014,6.1,240850435,1685271732
Movie_64,Fantasy,Taika Waititi,2023,6.1,169308804,1065769326
Movie_65,Comedy,James Cameron,2017,5.2,35206848,191206028
Movie_66,Fantasy,Ridley Scott,2005,6.1,257868547,1817670829
Movie_67,Horror,Greta Gerwig,1990,4.7,213863115,1010687859
Movie_68,Adventure,Patty Jenkins,2014,6.3,294374234,1484920808
Movie_69,Thriller,David Fincher,1987,8.4,65448823,322325693
Movie_70,Animation,Martin Scorsese,2025,6.6,230266153,1939230502
Movie_71,Adventure,Ridley Scott,1993,4.1,153702486,325665403
Movie_72,Romance,Quentin Tarantino,1989,6.3,21969112,161836891
Movie_73,Comedy,Greta Gerwig,1981,4.1,169761496,366571159
Movie_74,Romance,Christopher Nolan,2025,9.3,249231222,2492760540
Movie_75,Adventure,Christopher Nolan,1988,4.7,167595103,981399213
Movie_76,Fantasy,Taika Waititi,1982,7.9,255796342,1022923333
Movie_77,Animation,Ridley Scott,2000,9.4,157155268,419424440
Movie_78,Animation,Denis Villeneuve,2005,8.5,31995053,104258681
Movie_79,Action,Guy Ritchie,1987,7.8,25198505,206060444
Movie_80,Animation,Steven Spielberg,1981,8.6,93336441,1115121703
Movie_81,Thriller,Quentin Tarantino,1985,9.4,284986726,704532262
Movie_82,Animation,Christopher Nolan,2007,7.4,6666912,60574276
Movie_83,Adventure,David Fincher,2008,7.1,295673264,1422988888
Movie_84,Action,Christopher Nolan,2005,7.5,123657596,806809906
Movie_85,Adventure,Martin Scorsese,2004,6.9,77152968,798747954
Movie_86,Adventure,Patty Jenkins,1991,7.5,230227506,1147845460
Movie_87,Drama,Christopher Nolan,1984,6.5,14453858,79995832
Movie_88,Action,Martin Scorsese,2013,5.2,296764629,338195339
Movie_89,Adventure,Ridley Scott,2016,4.7,93768680,138488799
Movie_90,Drama,Ridley Scott,1994,4.4,192064324,474960515
Movie_91,Drama,Guy Ritchie,2023,5.4,224083945,289194435
Movie_92,Action,Greta Gerwig,2015,4.3,41271958,192363621
Movie_93,Romance,Christopher Nolan,1994,7.1,170720221,966003241
Movie_94,Fantasy,David Fincher,2022,5.6,276782456,1499457438
Movie_95,Thriller,Christopher Nolan,2002,8.5,57912766,218811891
Movie_96,Fantasy,David Fincher,1985,4.4,198323208,536055989
Movie_97,Animation,James Cameron,2025,5.2,152893276,897887501
Movie_98,Thriller,Taika Waititi,2023,8.0,209930468,2605529017
Movie_99,Animation,Greta Gerwig,2022,7.3,156020886,308181725
Movie_100,Adventure,James Cameron,2024,4.4,234015948,1489457080
Movie_101,Comedy,Christopher Nolan,2000,8.8,297136237,2634759428
Movie_102,Action,Greta Gerwig,2002,8.8,43106227,375347000
Movie_103,Thriller,James Cameron,2022,5.8,235542124,1230062614
Movie_104,Thriller,Steven Spielberg,1995,5.9,174020560,305092001
Movie_105,Adventure,Christopher Nolan,1994,9.4,9556135,29268333
Movie_106,Romance,James Cameron,2004,7.4,137962532,1063063168
Movie_107,Drama,Steven Spielberg,2015,6.9,170359979,796204585
Movie_108,Adventure,Steven Spielberg,1990,8.6,65138257,831418688
Movie_109,Sci-Fi,Ridley Scott,1994,5.6,201947293,869922257
Movie_110,Drama,Guy Ritchie,1983,6.4,157177045,402970801
Movie_111,Action,Christopher Nolan,2000,5.5,178681141,1179891435
Movie_112,Drama,Steven Spielberg,1992,8.3,83158288,421509965
Movie_113,Romance,Ridley Scott,2001,7.2,169366717,1140979655
Movie_114,Drama,James Cameron,1998,7.6,176012074,1574417588
Movie_115,Action,Martin Scorsese,2013,5.4,69098985,544914366
Movie_116,Romance,Christopher Nolan,1993,5.2,29615154,201594851
Movie_117,Fantasy,Greta Gerwig,1983,6.7,42400302,325815233
Movie_118,Thriller,David Fincher,2025,8.1,83568904,779450534
Movie_119,Thriller,David Fincher,2006,6.9,263003722,2766176378
Movie_120,Animation,James Cameron,2008,4.2,181092582,467118480
Movie_121,Fantasy,Denis Villeneuve,2007,8.8,248957750,441576610
Movie_122,Fantasy,Denis Villeneuve,2014,4.4,69860661,178510761
Movie_123,Drama,James Cameron,1987,9.3,76594878,359761987
Movie_124,Thriller,Steven Spielberg,1995,4.1,245291068,1132982399
Movie_125,Action,Guy Ritchie,2021,7.8,171664072,1455733761
Movie_126,Horror,Christopher Nolan,2015,4.5,176127726,817022477
Movie_127,Horror,David Fincher,2009,9.0,17600352,35282851
Movie_128,Romance,David Fincher,1997,6.6,232689149,1874057283
Movie_129,Thriller,Guy Ritchie,1981,4.8,176685650,553754801
Movie_130,Thriller,Steven Spielberg,1992,5.9,232835842,1553797969
Movie_131,Horror,David Fincher,1983,4.9,159332839,764499359
Movie_132,Thriller,Greta Gerwig,2005,4.9,16438825,54759931
Movie_133,Drama,Christopher Nolan,2004,9.2,201548800,720202856
Movie_134,Sci-Fi,Patty Jenkins,2009,6.4,1484273,3155554
Movie_135,Comedy,David Fincher,1990,8.3,159733810,1808545017
Movie_136,Fantasy,James Cameron,1986,7.5,201511628,2245479172
Movie_137,Animation,Greta Gerwig,2010,7.7,28569057,244114454
Movie_138,Romance,David Fincher,2023,4.7,96096924,155734336
Movie_139,Sci-Fi,Taika Waititi,1989,5.3,140603887,568467413
Movie_140,Horror,Greta Gerwig,2018,8.3,250654588,2539199531
Movie_141,Fantasy,Ridley Scott,1992,9.3,276288358,3319126065
Movie_142,Thriller,Patty Jenkins,2010,5.4,77630655,153222168
Movie_143,Animation,Quentin Tarantino,1986,5.5,289079129,318055419
Movie_144,Thriller,James Cameron,2021,6.6,53762640,424732721
Movie_145,Action,James Cameron,2021,9.4,73410436,482512530
Movie_146,Action,Christopher Nolan,2015,5.5,64569689,197551367
Movie_147,Animation,Guy Ritchie,1999,6.2,89797488,121401717
Movie_148,Animation,Greta Gerwig,1983,8.9,232488962,1978976409
Movie_149,Horror,Steven Spielberg,1986,4.0,99727225,555126025
Movie_150,Animation,James Cameron,1980,4.2,34522480,223390621
Movie_151,Drama,Greta Gerwig,2023,7.3,191145332,1384257940
Movie_152,Thriller,Greta Gerwig,2024,9.0,114770688,950555253
Movie_153,Sci-Fi,Taika Waititi,2021,5.3,78842160,133331425
Movie_154,Adventure,Martin Scorsese,1992,6.6,184644688,1180172160
Movie_155,Animation,Martin Scorsese,2001,6.5,297549912,1415685833
Movie_156,Romance,Quentin Tarantino,2000,6.6,208216890,1442928471
Movie_157,Action,Ridley Scott,2001,7.4,143245250,788880951
Movie_158,Drama,Quentin Tarantino,2007,6.6,261611278,926199124
Movie_159,Fantasy,David Fincher,1988,6.5,46611548,100875966
Movie_160,Adventure,Steven Spielberg,2005,6.6,15716532,66478516
Movie_161,Sci-Fi,David Fincher,1988,7.2,274295775,662199354
Movie_162,Adventure,Denis Villeneuve,1994,7.0,15054779,47175506
Movie_163,Animation,David Fincher,1989,8.7,29189839,401820154
Movie_164,Horror,Christopher Nolan,2003,4.3,43858520,154974230
Movie_165,Action,David Fincher,2021,8.6,154143927,1252224579
Movie_166,Action,Quentin Tarantino,1987,8.6,12331383,150915991
Movie_167,Fantasy,James Cameron,2003,5.6,11249579,100405419
Movie_168,Horror,James Cameron,1995,6.5,153509045,1013574400
Movie_169,Thriller,Martin Scorsese,2005,6.4,179491112,1536401816
Movie_170,Comedy,Guy Ritchie,2006,5.2,136623878,467271513
Movie_171,Drama,Steven Spielberg,2016,6.2,46362588,180529313
Movie_172,Action,Steven Spielberg,1983,4.2,252007314,808413728
Movie_173,Romance,Christopher Nolan,2003,5.5,127996392,803600505
Movie_174,Action,Quentin Tarantino,1998,8.5,33469420,328605480
Movie_175,Adventure,Martin Scorsese,2015,5.6,58413770,209791721
Movie_176,Action,Taika Waititi,2018,8.5,150203885,493449517
Movie_177,Action,Denis Villeneuve,1989,6.9,56087645,420037447
Movie_178,Comedy,Steven Spielberg,2004,8.8,98814584,330137017
Movie_179,Comedy,James Cameron,1997,7.2,230942503,1679230163
Movie_180,Sci-Fi,David Fincher,1998,4.2,67607761,332449138
Movie_181,Thriller,David Fincher,2015,7.7,115993586,1054682344
Movie_182,Romance,Guy Ritchie,1989,4.2,133637055,704322874
Movie_183,Action,Martin Scorsese,2012,6.5,288649503,2667993341
Movie_184,Action,Quentin Tarantino,1984,9.1,181326023,1484965395
Movie_185,Drama,Quentin Tarantino,2014,4.9,11095125,66454355
Movie_186,Comedy,Ridley Scott,2023,6.1,62868747,409133155
Movie_187,Romance,Patty Jenkins,2013,8.0,244624686,902754948
Movie_188,Fantasy,Steven Spielberg,2012,8.9,180361976,378776918
Movie_189,Sci-Fi,Quentin Tarantino,2000,7.7,286893339,1321819786
Movie_190,Thriller,Guy Ritchie,1996,5.4,196786867,871634922
Movie_191,Horror,James Cameron,2001,7.7,101150072,828662060
Movie_192,Thriller,Martin Scorsese,2016,5.6,3014017,23460147
Movie_193,Adventure,Denis Villeneuve,1994,8.0,58416012,221861211
Movie_194,Action,Ridley Scott,2014,9.2,232131692,802498130
Movie_195,Sci-Fi,Guy Ritchie,2007,8.0,252136334,3124215114
Movie_196,Adventure,Greta Gerwig,1986,8.7,291107612,889619835
Movie_197,Romance,Christopher Nolan,2011,4.0,254657722,886094274
Movie_198,Horror,Denis Villeneuve,1990,7.9,184985897,1490308326
Movie_199,Comedy,Greta Gerwig,1989,8.6,296123002,2439505124
Movie_200,Sci-Fi,Taika Waititi,1988,4.2,195644810,263312301
Movie_201,Sci-Fi,David Fincher,1993,8.8,137277113,338054717
Movie_202,Action,Christopher Nolan,1992,5.4,234166943,439637830
Movie_203,Animation,Steven Spielberg,2004,7.7,36921754,289933066
Movie_204,Sci-Fi,James Cameron,1981,8.4,19152861,154783767
Movie_205,Drama,Christopher Nolan,2014,7.6,158557821,635341510
Movie_206,Horror,Patty Jenkins,1986,4.5,23821211,117152170
Movie_207,Horror,Greta Gerwig,2000,7.3,31016158,305232798
Movie_208,Drama,Steven Spielberg,1997,7.0,235052731,424851654
Movie_209,Fantasy,Patty Jenkins,1982,9.0,98966396,799295890
Movie_210,Drama,David Fincher,2021,6.2,208958734,1509353731
Movie_211,Drama,Patty Jenkins,2018,5.8,209983087,673788028
Movie_212,Horror,Ridley Scott,2020,8.1,286457816,1463834406
Movie_213,Thriller,Ridley Scott,1990,6.3,71931591,479948169
Movie_214,Horror,Taika Waititi,2018,7.6,220348168,2440142558
Movie_215,Animation,Martin Scorsese,2003,7.6,207297401,2101497268
Movie_216,Action,Denis Villeneuve,2025,8.9,138267044,1250736376
Movie_217,Adventure,Denis Villeneuve,1998,7.3,91508655,816519462
Movie_218,Thriller,Steven Spielberg,1983,6.8,8503276,41097267
Movie_219,Comedy,David Fincher,2005,4.8,228642150,1204324132
Movie_220,Adventure,Quentin Tarantino,2017,4.6,226371615,887876886
Movie_221,Action,Taika Waititi,2021,4.8,78344057,175206364
Movie_222,Animation,Ridley Scott,2011,4.9,37515315,217360904
Movie_223,Animation,Steven Spielberg,2018,7.5,66818320,490638818
Movie_224,Comedy,Quentin Tarantino,2024,8.1,63827874,362974358
Movie_225,Thriller,Denis Villeneuve,2025,6.9,199244836,2029017075
Movie_226,Fantasy,Martin Scorsese,2015,8.6,50908282,100393513
Movie_227,Drama,Patty Jenkins,2019,9.5,193762438,1181908808
Movie_228,Thriller,Ridley Scott,2016,8.5,161992347,385037768
Movie_229,Fantasy,Steven Spielberg,2012,7.8,67183387,667163166
Movie_230,Animation,Christopher Nolan,2015,6.9,68667845,560491534
Movie_231,Horror,Quentin Tarantino,1982,6.5,145649657,628522720
Movie_232,Action,Patty Jenkins,1988,4.5,143715280,741093176
Movie_233,Comedy,Ridley Scott,1987,6.2,36351951,170008446
Movie_234,Action,Denis Villeneuve,2012,9.0,38432022,435388605
Movie_235,Romance,Guy Ritchie,1985,8.4,250808660,1760977731
Movie_236,Romance,David Fincher,2020,5.2,126124159,509717724
Movie_237,Thriller,Quentin Tarantino,2018,6.6,105379225,1049250871
Movie_238,Animation,Denis Villeneuve,1983,8.5,61678947,288994318
Movie_239,Animation,Ridley Scott,1992,4.4,179870004,291741162
Movie_240,Drama,Quentin Tarantino,1981,6.1,32745493,203414943
Movie_241,Drama,Taika Waititi,1984,8.7,36507773,494546693
Movie_242,Drama,Patty Jenkins,2023,6.2,136191465,615536988
Movie_243,Horror,Ridley Scott,2006,4.4,245403019,309734552
Movie_244,Adventure,Taika Waititi,2011,7.0,172675068,815922784
Movie_245,Sci-Fi,Greta Gerwig,2000,8.7,90948213,718695293
Movie_246,Adventure,Steven Spielberg,1987,7.2,49155151,151013663
Movie_247,Action,Guy Ritchie,2017,5.2,275134074,1604302423
Movie_248,Adventure,Patty Jenkins,1987,6.1,260299128,2535516483
Movie_249,Horror,Quentin Tarantino,1982,6.5,215107741,1163911252
Movie_250,Action,David Fincher,2023,7.2,142040331,712426553
Movie_251,Adventure,Denis Villeneuve,1982,8.2,31320939,195445285
Movie_252,Horror,Christopher Nolan,2001,4.5,271240974,440880754
Movie_253,Sci-Fi,Denis Villeneuve,1985,8.9,249796495,3193795337
Movie_254,Adventure,Quentin Tarantino,1981,4.1,38153969,122134642
Movie_255,Horror,Guy Ritchie,2002,6.0,34495435,153611796
Movie_256,Drama,Denis Villeneuve,2023,4.2,296747954,1400347305
Movie_257,Animation,Steven Spielberg,1981,6.2,149222609,757580816
Movie_258,Drama,Guy Ritchie,2017,6.9,199605535,1525372585
Movie_259,Animation,Ridley Scott,1996,6.8,241891248,470470901
Movie_260,Comedy,Taika Waititi,2014,4.9,95257535,625093484
Movie_261,Comedy,Christopher Nolan,2013,7.6,212925053,2454379007
Movie_262,Comedy,James Cameron,2002,4.2,290304357,1351291439
Movie_263,Sci-Fi,Quentin Tarantino,2009,8.2,143813688,1811824792
Movie_264,Drama,Martin Scorsese,1987,9.2,61395758,232717440
Movie_265,Animation,James Cameron,2001,5.9,51516162,263940878
Movie_266,Horror,Denis Villeneuve,2023,6.8,276172005,1957838607
Movie_267,Action,Quentin Tarantino,2015,6.1,49852189,308486889
Movie_268,Horror,Taika Waititi,1984,4.0,124370461,379104293
Movie_269,Action,Greta Gerwig,1992,6.1,84802796,348305508
Movie_270,Romance,Taika Waititi,2008,8.4,284152539,901175713
Movie_271,Horror,Martin Scorsese,2010,7.3,123224237,673248907
Movie_272,Adventure,Christopher Nolan,1995,4.6,128599514,253024128
Movie_273,Adventure,Taika Waititi,2021,8.7,63856981,682284635
Movie_274,Thriller,David Fincher,2009,6.9,272185481,924697595
Movie_275,Drama,Greta Gerwig,1995,8.6,159780390,387487622
Movie_276,Action,James Cameron,1991,7.2,116064244,813360889
Movie_277,Action,Ridley Scott,1996,7.1,279913998,2053612431
Movie_278,Drama,Steven Spielberg,1995,4.6,121367491,793151131
Movie_279,Sci-Fi,David Fincher,1991,4.9,47606102,235083400
Movie_280,Thriller,Greta Gerwig,1987,9.3,270390661,1719187278
Movie_281,Sci-Fi,Ridley Scott,1999,5.3,158661143,1113539141
Movie_282,Sci-Fi,Ridley Scott,1982,9.4,102629945,922650413
Movie_283,Sci-Fi,Quentin Tarantino,1995,6.9,110985952,238158933
Movie_284,Drama,Greta Gerwig,2009,4.7,247300187,1153234142
Movie_285,Sci-Fi,Christopher Nolan,2024,4.5,134784320,892341859
Movie_286,Adventure,Denis Villeneuve,2002,5.1,42130558,162188835
Movie_287,Comedy,Martin Scorsese,2007,9.1,61148245,342136092
Movie_288,Romance,Martin Scorsese,2019,6.3,145639045,367796933
Movie_289,Action,James Cameron,1984,6.2,173833660,444066277
Movie_290,Action,James Cameron,1999,5.7,18977748,87174597
Movie_291,Romance,Martin Scorsese,2019,4.8,58827935,291961183
Movie_292,Drama,Taika Waititi,2023,6.7,247261252,518302236
Movie_293,Horror,Christopher Nolan,1980,4.7,22646139,161293984
Movie_294,Drama,Taika Waititi,2009,8.6,168414903,1820869722
Movie_295,Action,Taika Waititi,2000,6.0,180733169,1107467960
Movie_296,Action,Steven Spielberg,1999,6.1,146051311,1211476090
Movie_297,Romance,Patty Jenkins,1985,6.6,232863512,479914380
Movie_298,Sci-Fi,Denis Villeneuve,2001,6.4,99437175,552122561
Movie_299,Drama,Steven Spielberg,1997,9.5,57342202,589491517
Movie_300,Animation,Quentin Tarantino,1987,7.0,61993015,590223002
Movie_301,Romance,Patty Jenkins,2018,4.5,112501212,656541123
Movie_302,Adventure,Patty Jenkins,2011,7.3,264795142,1136407470
Movie_303,Action,Greta Gerwig,2012,4.8,180408972,1313867079
Movie_304,Romance,Christopher Nolan,1995,4.2,270352928,424765961
Movie_305,Drama,Christopher Nolan,1991,9.3,289861951,3841899782
Movie_306,Action,Patty Jenkins,2017,8.3,121661643,1574584608
Movie_307,Horror,Taika Waititi,2013,9.4,252560892,1063619879
Movie_308,Romance,Greta Gerwig,1993,6.6,221537946,1770506991
Movie_309,Thriller,Denis Villeneuve,2015,6.9,244374559,432337233
Movie_310,Action,Patty Jenkins,2012,4.9,212565116,799500037
Movie_311,Drama,David Fincher,2002,5.4,25561090,127373512
Movie_312,Comedy,James Cameron,2024,8.6,174305486,1518369601
Movie_313,Animation,James Cameron,1981,6.0,233058255,2111944281
Movie_314,Fantasy,Steven Spielberg,2020,8.5,156441404,1517447698
Movie_315,Sci-Fi,Quentin Tarantino,2000,7.9,293506380,2026055210
Movie_316,Fantasy,Guy Ritchie,1981,5.0,22821296,152166131
Movie_317,Drama,Guy Ritchie,2006,6.8,97318451,1012994807
Movie_318,Adventure,James Cameron,1988,7.7,72772618,129380478
Movie_319,Adventure,Ridley Scott,1980,5.3,145904690,1218349076
Movie_320,Comedy,Steven Spielberg,1990,8.6,134194677,369978878
Movie_321,Sci-Fi,Guy Ritchie,1982,7.0,285243914,2675870429
Movie_322,Thriller,James Cameron,2002,4.9,59834845,173706323
Movie_323,Comedy,Quentin Tarantino,2005,7.2,270629438,750285192
Movie_324,Fantasy,Guy Ritchie,1983,9.5,127022959,984438095
Movie_325,Comedy,Taika Waititi,1997,4.8,268131380,1417714698
Movie_326,Fantasy,Taika Waititi,1985,8.5,68615317,427701705
Movie_327,Action,Christopher Nolan,2014,5.1,62767845,88477366
Movie_328,Adventure,Christopher Nolan,2001,8.3,74657758,643978293
Movie_329,Action,Denis Villeneuve,2022,8.0,62647309,733406827
Movie_330,Animation,Patty Jenkins,1994,5.7,179684823,754327420
Movie_331,Sci-Fi,David Fincher,2001,5.8,53839391,157029160
Movie_332,Thriller,Christopher Nolan,2016,8.4,254214051,1750189914
Movie_333,Fantasy,Guy Ritchie,2021,6.5,168237535,292750247
Movie_334,Thriller,Greta Gerwig,1991,8.0,33833206,365042054
Movie_335,Fantasy,James Cameron,2021,4.8,50975039,332000951
Movie_336,Drama,Greta Gerwig,2017,8.7,23961593,213302402
Movie_337,Comedy,Quentin Tarantino,1997,7.9,273280930,1499032791
Movie_338,Animation,Christopher Nolan,2024,9.0,273359938,3246769897
Movie_339,Adventure,David Fincher,2014,4.7,172004612,789473755
Movie_340,Fantasy,Quentin Tarantino,2009,7.3,118402748,1172308946
Movie_341,Thriller,Ridley Scott,2003,7.3,67974034,537913120
Movie_342,Animation,Ridley Scott,2021,5.9,298762883,2288281449
Movie_343,Horror,Greta Gerwig,2009,6.5,58218588,392796344
Movie_344,Horror,Patty Jenkins,1993,4.2,29905854,97946142
Movie_345,Action,Steven Spielberg,1985,8.1,290024682,3620408862
Movie_346,Adventure,Patty Jenkins,1982,7.0,220581889,1478541759
Movie_347,Drama,Guy Ritchie,1995,4.3,58705020,264327506
Movie_348,Thriller,Taika Waititi,1986,7.7,62119402,243312799
Movie_349,Comedy,Denis Villeneuve,1993,6.6,299433583,2126281853
Movie_350,Comedy,Patty Jenkins,1988,4.2,229415383,963786178
Movie_351,Thriller,Denis Villeneuve,1994,9.3,18728138,79905397
Movie_352,Sci-Fi,Denis Villeneuve,2000,9.2,233527469,608918628
Movie_353,Drama,David Fincher,2014,6.8,119873796,852722334
Movie_354,Animation,Christopher Nolan,1981,4.5,35671806,203731004
Movie_355,Fantasy,David Fincher,2006,8.2,293312724,2243445703
Movie_356,Sci-Fi,Denis Villeneuve,1981,6.7,106265027,368434368
Movie_357,Fantasy,Quentin Tarantino,2014,5.7,234706608,1515933689
Movie_358,Fantasy,Ridley Scott,1997,6.7,279879909,585338523
Movie_359,Sci-Fi,Denis Villeneuve,1993,6.9,18196045,102773329
Movie_360,Action,David Fincher,1999,7.1,230127882,700478338
Movie_361,Horror,Quentin Tarantino,1997,6.4,214830545,630044946
Movie_362,Fantasy,David Fincher,1989,7.3,226621558,799394891
Movie_363,Sci-Fi,Patty Jenkins,2004,9.1,287439894,1939255759
Movie_364,Sci-Fi,James Cameron,1981,6.0,215950986,351927056
Movie_365,Romance,Greta Gerwig,2004,8.0,182922068,1107645535
Movie_366,Action,Steven Spielberg,2012,8.9,29533675,240872955
Movie_367,Adventure,Taika Waititi,2015,6.5,2543812,14494584
Movie_368,Romance,David Fincher,2010,6.4,234606486,1104936851
Movie_369,Romance,Steven Spielberg,1993,7.3,283969512,2849940267
Movie_370,Thriller,Martin Scorsese,1980,7.3,83707002,246537109
Movie_371,Horror,David Fincher,2025,8.4,102528552,781984620
Movie_372,Sci-Fi,James Cameron,1995,6.6,109612041,207524387
Movie_373,Horror,Steven Spielberg,2025,9.5,235881941,671407405
Movie_374,Drama,Taika Waititi,1982,4.3,135031186,582615333
Movie_375,Thriller,Denis Villeneuve,2014,4.0,47988351,190499509
Movie_376,Adventure,David Fincher,2020,7.5,259808646,2784980299
Movie_377,Horror,Christopher Nolan,1985,5.6,167762688,921642847
Movie_378,Comedy,Greta Gerwig,2004,5.3,234457294,1918247372
Movie_379,Fantasy,James Cameron,1992,5.7,182858709,279515059
Movie_380,Drama,Guy Ritchie,2013,5.4,184655342,336245947
Movie_381,Action,Guy Ritchie,1987,4.2,193107149,212245470
Movie_382,Adventure,Steven Spielberg,2000,9.3,261296113,1116336583
Movie_383,Drama,James Cameron,2013,5.2,83226579,414505516
Movie_384,Fantasy,Quentin Tarantino,1983,8.0,260396017,2299403184
Movie_385,Thriller,Taika Waititi,2004,8.2,125994671,272566490
Movie_386,Fantasy,Greta Gerwig,1994,9.1,108229088,1501318099
Movie_387,Romance,Denis Villeneuve,1983,4.2,200433274,1160895976
Movie_388,Fantasy,David Fincher,2024,8.8,227821237,1233484727
Movie_389,Romance,David Fincher,1991,6.9,261706835,556292303
Movie_390,Thriller,Guy Ritchie,2011,7.5,152238821,499924012
Movie_391,Animation,David Fincher,2011,7.5,155339970,440065139
Movie_392,Romance,Greta Gerwig,2007,8.5,61267675,194039442
Movie_393,Action,Christopher Nolan,1992,5.8,116479645,625579665
Movie_394,Fantasy,Martin Scorsese,2010,8.0,29413964,128053438
Movie_395,Fantasy,Ridley Scott,1993,6.9,124227084,601213080
Movie_396,Action,Patty Jenkins,1999,8.4,117017893,1558278451
Movie_397,Comedy,Steven Spielberg,1997,9.4,76495233,832694635
Movie_398,Sci-Fi,Christopher Nolan,2008,5.1,199889251,1558281024
Movie_399,Animation,Denis Villeneuve,1985,9.5,224292565,851415066
Movie_400,Adventure,Guy Ritchie,2011,4.5,137338439,454243960
Movie_401,Romance,Steven Spielberg,2008,4.0,286733916,1120125497
Movie_402,Action,David Fincher,2022,4.2,208597863,269370222
Movie_403,Thriller,James Cameron,1981,5.9,175685904,213386040
Movie_404,Romance,Denis Villeneuve,2002,7.5,26653875,227612378
Movie_405,Sci-Fi,Steven Spielberg,1998,4.4,34993871,169146662
Movie_406,Thriller,Taika Waititi,2010,4.0,283092461,877704773
Movie_407,Drama,David Fincher,1984,9.2,147223933,1199376803
Movie_408,Fantasy,Steven Spielberg,1998,8.5,7767567,51605941
Movie_409,Drama,James Cameron,2013,8.5,48645934,96594286
Movie_410,Romance,Taika Waititi,1989,8.9,252057079,1501940132
Movie_411,Sci-Fi,David Fincher,2004,7.9,2894554,10242465
Movie_412,Animation,Martin Scorsese,1981,4.6,216063766,335731066
Movie_413,Romance,Christopher Nolan,1990,6.2,157850263,1506575532
Movie_414,Action,Quentin Tarantino,2010,8.0,42159935,350468326
Movie_415,Horror,Guy Ritchie,1994,5.5,227088446,1523911849
Movie_416,Romance,Patty Jenkins,1988,7.8,1947272,9743705
Movie_417,Fantasy,Greta Gerwig,2002,4.1,129960723,399845545
Movie_418,Fantasy,Guy Ritchie,1998,5.7,97060649,294157192
Movie_419,Romance,Patty Jenkins,1988,7.0,285377552,670712465
Movie_420,Thriller,Denis Villeneuve,2014,7.5,283494158,958162681
Movie_421,Horror,Patty Jenkins,2000,7.2,112289204,1064382804
Movie_422,Action,David Fincher,1988,7.8,268980509,2409742635
Movie_423,Romance,Martin Scorsese,2007,4.0,13613997,52588170
Movie_424,Thriller,Quentin Tarantino,2025,4.6,288833830,1149436981
Movie_425,Fantasy,Christopher Nolan,1986,8.8,260388724,3417443262
Movie_426,Fantasy,Christopher Nolan,1995,7.7,91029323,211559678
Movie_427,Sci-Fi,James Cameron,1995,4.6,288650736,787170542
Movie_428,Romance,Greta Gerwig,2012,8.6,191304016,1135054889
Movie_429,Horror,Steven Spielberg,1983,5.3,73555305,505001267
Movie_430,Comedy,Martin Scorsese,1983,6.6,271433629,2847565439
Movie_431,Horror,Steven Spielberg,2018,4.8,241739228,623035928
Movie_432,Fantasy,Quentin Tarantino,2019,7.9,223810605,2517833298
Movie_433,Fantasy,Patty Jenkins,1996,7.7,46516298,488147304
Movie_434,Drama,Christopher Nolan,2016,5.2,170262177,455537451
Movie_435,Fantasy,Quentin Tarantino,2018,8.7,178030214,1175688536
Movie_436,Action,Patty Jenkins,2008,6.2,186190969,892964533
Movie_437,Adventure,Christopher Nolan,2015,5.6,238178929,2093414161
Movie_438,Romance,Patty Jenkins,2017,4.8,80723877,175622348
Movie_439,Horror,Greta Gerwig,2018,5.5,290409751,2106491885
Movie_440,Adventure,Martin Scorsese,2016,4.1,183497843,502465937
Movie_441,Thriller,Guy Ritchie,2014,7.2,273544526,2409153987
Movie_442,Comedy,Taika Waititi,1986,8.6,96672804,655145066
Movie_443,Action,Denis Villeneuve,2006,7.0,129339027,914158630
Movie_444,Horror,Quentin Tarantino,2007,5.2,40911037,290526199
Movie_445,Adventure,Quentin Tarantino,2001,4.2,177187384,986666800
Movie_446,Comedy,Taika Waititi,1993,5.2,279058279,2050397665
Movie_447,Drama,Guy Ritchie,1986,6.3,38392619,68562491
Movie_448,Action,Ridley Scott,2016,8.2,122841719,1177405980
Movie_449,Action,David Fincher,2001,5.0,132303318,261948878
Movie_450,Drama,Greta Gerwig,1984,8.0,208417703,1304104573
Movie_451,Romance,Greta Gerwig,1981,8.8,24969983,212709528
Movie_452,Drama,Taika Waititi,2006,6.5,213099975,1058026312
Movie_453,Action,Steven Spielberg,2000,8.5,89136247,702694812
Movie_454,Action,Patty Jenkins,2017,7.1,21096059,238922815
Movie_455,Adventure,David Fincher,1994,7.5,28758630,83968924
Movie_456,Fantasy,Martin Scorsese,2000,6.9,211428540,1671322607
Movie_457,Comedy,Martin Scorsese,1989,6.5,226395724,1110156063
Movie_458,Drama,Taika Waititi,2002,5.3,269713951,552086308
Movie_459,Comedy,Greta Gerwig,2018,5.7,194769241,468754905
Movie_460,Drama,Martin Scorsese,1984,5.6,254504597,2179145004
Movie_461,Thriller,Ridley Scott,1980,7.1,100806723,1024522806
Movie_462,Action,Quentin Tarantino,1992,4.7,95153950,657355467
Movie_463,Fantasy,James Cameron,2000,9.0,116119441,1659731512
Movie_464,Adventure,Denis Villeneuve,2005,8.0,129528254,509451768
Movie_465,Fantasy,Taika Waititi,2024,6.2,92766135,401233334
Movie_466,Fantasy,Steven Spielberg,2000,4.9,226140086,1259790812
Movie_467,Fantasy,Patty Jenkins,1997,8.9,273336859,2134263299
Movie_468,Comedy,Denis Villeneuve,2016,8.5,232090271,1550092728
Movie_469,Drama,Patty Jenkins,2024,8.0,134061821,751749783
Movie_470,Animation,Christopher Nolan,2011,5.5,53177348,301627813
Movie_471,Thriller,Denis Villeneuve,2015,6.2,132237129,824650699
Movie_472,Horror,James Cameron,1996,4.6,24659943,48328271
Movie_473,Fantasy,Greta Gerwig,2014,5.0,231313087,995150273
Movie_474,Romance,Ridley Scott,1990,8.3,82942765,671118281
Movie_475,Comedy,Quentin Tarantino,2000,7.9,265955799,2097692732
Movie_476,Adventure,Quentin Tarantino,2005,7.3,14490091,52270040
Movie_477,Horror,Ridley Scott,1983,8.9,102534831,1130826049
Movie_478,Animation,David Fincher,2013,7.2,212498811,359974446
Movie_479,Romance,Christopher Nolan,1997,6.6,2742166,12610251
Movie_480,Animation,Patty Jenkins,2019,5.9,287673984,2193386537
Movie_481,Horror,James Cameron,2014,9.2,243508766,2216645886
Movie_482,Fantasy,Martin Scorsese,2020,4.5,89940009,228926402
Movie_483,Romance,Denis Villeneuve,2008,9.1,245721769,2622761119
Movie_484,Animation,Christopher Nolan,2008,8.5,138091252,1167140666
Movie_485,Adventure,Taika Waititi,2017,4.7,188291831,1163508500
Movie_486,Drama,Denis Villeneuve,2021,7.1,283290965,2472039553
Movie_487,Action,James Cameron,2000,8.8,203883601,1891332259
Movie_488,Drama,Steven Spielberg,2021,7.1,182300594,1143477940
Movie_489,Horror,Steven Spielberg,1992,9.0,117175783,407548479
Movie_490,Comedy,Christopher Nolan,2020,9.2,169370064,881735348
Movie_491,Action,Greta Gerwig,1996,6.3,275343182,1364726738
Movie_492,Thriller,James Cameron,1988,6.1,194107918,1230259072
Movie_493,Adventure,James Cameron,2020,9.1,164306302,1374362749
Movie_494,Thriller,Ridley Scott,1980,7.7,6826038,31718067
Movie_495,Romance,Greta Gerwig,1981,4.6,269672524,259325314
Movie_496,Action,Patty Jenkins,2008,4.2,66113119,248445605
Movie_497,Thriller,Patty Jenkins,2012,7.1,63359944,269857752
Movie_498,Thriller,Martin Scorsese,1989,9.1,281973351,3152154643
Movie_499,Animation,Quentin Tarantino,2019,8.6,68960025,138493317
Movie_500,Drama,Steven Spielberg,2000,7.7,98754068,774670737
Movie_501,Animation,Taika Waititi,2007,4.8,134380296,979189826
Movie_502,Action,Patty Jenkins,1990,5.4,256889227,616157560
Movie_503,Action,Greta Gerwig,2013,8.8,267456101,2024835714
Movie_504,Horror,James Cameron,1987,5.0,143088635,234658771
Movie_505,Animation,Taika Waititi,2001,5.5,214536815,1269575392
Movie_506,Sci-Fi,Guy Ritchie,1987,4.7,137600593,627802493
Movie_507,Drama,Patty Jenkins,1994,7.7,177718010,1054116666
Movie_508,Action,James Cameron,1996,9.2,54459288,465917509
Movie_509,Horror,Patty Jenkins,2002,5.5,60488479,484127094
Movie_510,Animation,Steven Spielberg,2003,6.6,5303677,16620447
Movie_511,Drama,Guy Ritchie,2024,7.5,122539047,212841424
Movie_512,Animation,Denis Villeneuve,1998,9.5,64925100,867408618
Movie_513,Thriller,Patty Jenkins,1984,4.6,292440624,1355940143
Movie_514,Horror,Greta Gerwig,2011,6.7,217859876,2112015621
Movie_515,Drama,Patty Jenkins,2023,6.1,44586949,281696429
Movie_516,Fantasy,Quentin Tarantino,1980,8.8,291886610,3427094578
Movie_517,Romance,Taika Waititi,2002,6.6,56392443,298326279
Movie_518,Romance,Taika Waititi,2016,4.6,85805214,493302580
Movie_519,Drama,Steven Spielberg,1987,7.5,120296309,1333717407
Movie_520,Animation,Greta Gerwig,1992,8.2,227182694,1864709105
Movie_521,Horror,Guy Ritchie,1987,4.0,247199367,448023352
Movie_522,Romance,Ridley Scott,2002,8.7,158484703,794635161
Movie_523,Horror,Greta Gerwig,2022,5.0,127340282,304408477
Movie_524,Romance,Taika Waititi,1980,7.0,70679589,269939406
Movie_525,Thriller,Quentin Tarantino,2024,6.3,29576958,117201188
Movie_526,Animation,Denis Villeneuve,2003,8.0,259859227,2031449094
Movie_527,Thriller,Steven Spielberg,2014,6.0,174097012,1068804134
Movie_528,Romance,Ridley Scott,2003,8.8,124021021,869942585
Movie_529,Fantasy,Quentin Tarantino,1996,8.0,249411372,2118179134
Movie_530,Fantasy,Guy Ritchie,1984,7.6,136535349,326040570
Movie_531,Thriller,Guy Ritchie,1999,8.4,122078479,331124405
Movie_532,Fantasy,Quentin Tarantino,2000,8.1,154362837,550850896
Movie_533,Romance,Christopher Nolan,2019,4.2,224869948,873911109
Movie_534,Drama,Steven Spielberg,2010,6.2,253397814,784893092
Movie_535,Thriller,Greta Gerwig,2025,9.1,78314232,425171356
Movie_536,Comedy,James Cameron,2015,4.7,154085957,550712218
Movie_537,Animation,Denis Villeneuve,1990,8.1,13019231,140953509
Movie_538,Fantasy,James Cameron,1994,9.4,206008482,424877189
Movie_539,Fantasy,Greta Gerwig,1998,4.3,275426761,1313581971
Movie_540,Action,Greta Gerwig,1986,7.8,82540863,731653081
Movie_541,Sci-Fi,Steven Spielberg,2007,6.6,244889328,2130434155
Movie_542,Thriller,Greta Gerwig,2022,7.2,198252350,2149481642
Movie_543,Adventure,Taika Waititi,1984,4.5,216277245,222088278
Movie_544,Fantasy,Christopher Nolan,1984,4.2,206147480,359572368
Movie_545,Animation,Ridley Scott,2009,7.7,109393598,1213495147
Movie_546,Comedy,Greta Gerwig,2011,8.5,12364638,88485935
Movie_547,Fantasy,James Cameron,1987,8.3,87217428,716974636
Movie_548,Comedy,Greta Gerwig,1989,7.0,95287443,752548455
Movie_549,Romance,Guy Ritchie,2017,4.5,57896917,299797161
Movie_550,Romance,Christopher Nolan,2011,7.8,8199107,96213283
Movie_551,Sci-Fi,Taika Waititi,2007,5.3,3806284,32191131
Movie_552,Drama,Taika Waititi,1996,9.0,183943345,2000196991
Movie_553,Adventure,Patty Jenkins,2010,8.6,230842864,1195337443
Movie_554,Action,Taika Waititi,1987,7.9,11002707,124441293
Movie_555,Sci-Fi,Patty Jenkins,2019,9.2,7572531,18734179
Movie_556,Horror,Quentin Tarantino,2004,4.2,2141452,4708529
Movie_557,Action,Denis Villeneuve,1988,8.0,117172725,1365146614
Movie_558,Thriller,Martin Scorsese,1981,5.8,67014115,217144167
Movie_559,Animation,Taika Waititi,1994,9.0,234377664,1073497362
Movie_560,Horror,Ridley Scott,1982,5.5,189759959,410557959
Movie_561,Horror,Guy Ritchie,2015,8.0,197450289,2215797348
Movie_562,Sci-Fi,David Fincher,1983,8.8,173052588,1370700706
Movie_563,Drama,Quentin Tarantino,1993,4.2,179073261,861050860
Movie_564,Sci-Fi,Taika Waititi,2020,6.2,213697402,708427448
Movie_565,Thriller,Denis Villeneuve,2020,8.2,154814126,1601134759
Movie_566,Fantasy,Patty Jenkins,2004,6.5,144600314,1188043476
Movie_567,Fantasy,James Cameron,1989,5.5,28639012,100437152
Movie_568,Drama,David Fincher,2000,5.2,97706715,393735546
Movie_569,Thriller,Denis Villeneuve,2015,4.7,46422040,107688085
Movie_570,Drama,Denis Villeneuve,1991,8.7,127668047,1740691680
Movie_571,Comedy,Taika Waititi,2006,7.2,45772085,363781608
Movie_572,Fantasy,Quentin Tarantino,2019,4.4,237159697,1573979177
Movie_573,Horror,David Fincher,1981,6.1,56500286,215317648
Movie_574,Adventure,Steven Spielberg,1992,6.0,259437132,2015277460
Movie_575,Animation,Martin Scorsese,2011,5.0,84532383,537711376
Movie_576,Thriller,Steven Spielberg,2010,6.4,4457521,33329930
Movie_577,Action,Guy Ritchie,1995,5.8,99207452,892965132
Movie_578,Drama,David Fincher,2011,5.9,197315916,874260864
Movie_579,Animation,Steven Spielberg,2011,8.1,213169898,661324318
Movie_580,Action,Taika Waititi,2013,5.2,131840532,781819693
Movie_581,Animation,Christopher Nolan,1990,7.5,56376477,516281846
Movie_582,Adventure,Patty Jenkins,1989,7.1,196217007,1400224595
Movie_583,Action,Christopher Nolan,1994,7.1,93773200,325934062
Movie_584,Sci-Fi,Greta Gerwig,1996,7.6,46444007,319878974
Movie_585,Romance,Steven Spielberg,2019,7.0,194413262,866978052
Movie_586,Sci-Fi,Guy Ritchie,1997,8.8,153925384,1081539413
Movie_587,Fantasy,Greta Gerwig,1988,7.7,43322633,368045533
Movie_588,Romance,James Cameron,2004,7.0,102158251,889093931
Movie_589,Sci-Fi,Ridley Scott,2019,8.6,6478878,29258517
Movie_590,Romance,James Cameron,1993,7.3,216792086,1214561442
Movie_591,Romance,David Fincher,2004,5.6,6679487,21576257
Movie_592,Horror,Denis Villeneuve,2001,5.1,150943987,368036115
Movie_593,Drama,Patty Jenkins,2009,4.8,123280861,767344721
Movie_594,Drama,Steven Spielberg,1999,8.9,220730336,2893617671
Movie_595,Horror,Guy Ritchie,2000,7.9,272350067,1545523437
Movie_596,Animation,Guy Ritchie,2023,9.2,230280392,2652017812
Movie_597,Comedy,Quentin Tarantino,2011,7.3,154242624,1639181382
Movie_598,Animation,Ridley Scott,2025,6.6,198600299,1814846810
Movie_599,Action,Martin Scorsese,2000,4.3,108252450,212232890
Movie_600,Action,Martin Scorsese,2014,7.7,17037706,201876822
Movie_601,Romance,Martin Scorsese,2011,7.2,214092110,1121178653
Movie_602,Sci-Fi,Steven Spielberg,2009,9.4,101420844,643455122
Movie_603,Sci-Fi,Martin Scorsese,2018,5.3,172652088,262990643
Movie_604,Drama,Taika Waititi,1991,6.9,276475335,1679985093
Movie_605,Thriller,Christopher Nolan,2020,7.6,134357639,360065691
Movie_606,Animation,Guy Ritchie,1997,7.5,204441818,840188021
Movie_607,Fantasy,Ridley Scott,2000,7.1,209288957,956536270
Movie_608,Adventure,Christopher Nolan,1992,8.3,21407616,236737446
Movie_609,Sci-Fi,Denis Villeneuve,2000,5.1,221957927,1613853637
Movie_610,Adventure,Ridley Scott,1987,8.0,74416381,371160835
Movie_611,Romance,Christopher Nolan,2025,7.4,239478194,2484852690
Movie_612,Adventure,Ridley Scott,2019,8.9,4305610,53652625
Movie_613,Fantasy,Denis Villeneuve,2025,8.7,295054502,3261369764
Movie_614,Horror,Greta Gerwig,1986,5.7,3088618,7136644
Movie_615,Fantasy,Taika Waititi,2002,5.5,114883998,737036671
Movie_616,Adventure,Steven Spielberg,2023,9.4,98802512,1414507812
Movie_617,Fantasy,Steven Spielberg,2011,6.9,243477561,1941329625
Movie_618,Comedy,Guy Ritchie,1990,9.0,226026780,1351272240
Movie_619,Romance,Martin Scorsese,2001,4.9,283529620,1251492404
Movie_620,Animation,Taika Waititi,2001,7.5,233549782,1933818575
Movie_621,Horror,James Cameron,2022,8.5,225863799,1756268987
Movie_622,Sci-Fi,Martin Scorsese,2004,9.2,53924805,182535135
Movie_623,Action,Guy Ritchie,2001,5.9,285177329,1071596307
Movie_624,Animation,David Fincher,2007,8.0,293270693,3104808596
Movie_625,Action,Taika Waititi,2008,7.0,83272164,819556048
Movie_626,Romance,Christopher Nolan,1992,4.3,242000946,408145775
Movie_627,Horror,Ridley Scott,1997,7.8,107238773,1282582517
Movie_628,Drama,James Cameron,1981,7.8,109422376,563606535
Movie_629,Sci-Fi,Taika Waititi,2008,9.1,141879792,1455385459
Movie_630,Comedy,Denis Villeneuve,2000,6.7,188184498,1579266864
Movie_631,Drama,David Fincher,1994,5.3,183606679,1300787417
Movie_632,Romance,Denis Villeneuve,2006,4.2,130295152,834020342
Movie_633,Animation,Steven Spielberg,2010,6.3,189016065,759835208
Movie_634,Comedy,Steven Spielberg,1994,5.7,185116286,1479242306
Movie_635,Fantasy,Martin Scorsese,2002,8.2,179237543,564914731
Movie_636,Adventure,Christopher Nolan,2003,5.9,250988946,1757835691
Movie_637,Comedy,James Cameron,2023,9.2,52946342,603412154
Movie_638,Romance,Patty Jenkins,1992,9.3,67556571,721771472
Movie_639,Thriller,David Fincher,2001,7.4,122906181,503175528
Movie_640,Adventure,David Fincher,2022,9.1,230780626,2986894335
Movie_641,Action,Taika Waititi,2016,8.2,290093815,1038099312
Movie_642,Sci-Fi,Martin Scorsese,2012,7.0,291123749,560593992
Movie_643,Action,Steven Spielberg,1982,5.0,197084763,1186894686
Movie_644,Comedy,Martin Scorsese,1998,6.5,43327410,243795927
Movie_645,Action,Ridley Scott,2002,7.1,28188467,277939252
Movie_646,Romance,Taika Waititi,2008,8.8,118959897,771270874
Movie_647,Fantasy,Taika Waititi,2009,6.6,163912432,471230893
Movie_648,Animation,James Cameron,2018,8.9,136789866,1669119481
Movie_649,Sci-Fi,Christopher Nolan,2023,7.7,45171571,336855509
Movie_650,Action,Guy Ritchie,2004,4.8,229122169,511262228
Movie_651,Action,Greta Gerwig,2016,9.5,185775632,2132909942
Movie_652,Comedy,Guy Ritchie,1987,6.9,261467387,1651783023
Movie_653,Animation,Quentin Tarantino,2021,6.2,192043666,1245487036
Movie_654,Drama,Quentin Tarantino,1995,7.6,266770169,1713720446
Movie_655,Action,Taika Waititi,1987,4.6,121813819,762175161
Movie_656,Romance,Martin Scorsese,1980,7.5,75110701,766910941
Movie_657,Thriller,Ridley Scott,2023,6.7,272283895,2176655740
Movie_658,Sci-Fi,James Cameron,1984,6.2,292190778,629637219
Movie_659,Action,Patty Jenkins,1982,9.2,48453056,612661649
Movie_660,Romance,Quentin Tarantino,1980,6.9,177106080,1392405413
Movie_661,Romance,James Cameron,1983,5.2,260779006,1594490445
Movie_662,Sci-Fi,Taika Waititi,2019,6.5,261846535,1205317266
Movie_663,Drama,Christopher Nolan,2014,9.1,275862551,3592288082
Movie_664,Romance,Denis Villeneuve,2011,5.0,231341507,1406001420
Movie_665,Thriller,Guy Ritchie,2021,5.2,266465323,495534528
Movie_666,Romance,Ridley Scott,2013,4.1,172303834,544591409
Movie_667,Romance,Steven Spielberg,2022,4.1,163311055,964812852
Movie_668,Romance,James Cameron,2004,8.6,99569502,227839742
Movie_669,Fantasy,Christopher Nolan,1989,8.0,110402583,1365444368
Movie_670,Fantasy,Patty Jenkins,2000,6.0,165208126,1140756422
Movie_671,Drama,Greta Gerwig,2025,7.8,7519585,63575276
Movie_672,Action,Guy Ritchie,2018,6.2,277567618,996038725
Movie_673,Romance,Steven Spielberg,2006,9.2,22588887,113948245
Movie_674,Animation,Guy Ritchie,2006,9.3,259112117,3660113606
Movie_675,Action,Taika Waititi,1981,6.2,159542825,610890259
Movie_676,Drama,Greta Gerwig,2020,8.7,128845448,1441220667
Movie_677,Horror,Guy Ritchie,1992,8.3,6055769,37715785
Movie_678,Action,Patty Jenkins,1988,5.7,97707475,219963707
Movie_679,Action,Christopher Nolan,2015,5.3,17613311,20070500
Movie_680,Adventure,Quentin Tarantino,2001,6.5,99958695,625015907
Movie_681,Comedy,Greta Gerwig,2021,8.3,225165074,2926819443
Movie_682,Adventure,Taika Waititi,2005,9.3,127099266,847263184
Movie_683,Thriller,Steven Spielberg,1991,8.2,191124183,1097161367
Movie_684,Fantasy,Martin Scorsese,1996,8.7,290514500,1723051930
Movie_685,Fantasy,David Fincher,1993,7.3,31271417,212018894
Movie_686,Comedy,James Cameron,1993,8.6,286756698,2014639347
Movie_687,Sci-Fi,Guy Ritchie,2013,8.3,239823887,2850212877
Movie_688,Sci-Fi,Quentin Tarantino,1999,6.1,147914416,819023947
Movie_689,Drama,Greta Gerwig,1990,7.0,30540622,194727824
Movie_690,Comedy,Guy Ritchie,1995,8.4,166457588,550516850
Movie_691,Action,Denis Villeneuve,2010,4.3,156467033,1060235016
Movie_692,Sci-Fi,James Cameron,1985,8.4,118708961,548397555
Movie_693,Romance,Martin Scorsese,1998,5.0,42175390,63834497
Movie_694,Animation,Patty Jenkins,2016,6.8,89316755,685341063
Movie_695,Action,David Fincher,1983,8.4,33059531,287006599
Movie_696,Thriller,Christopher Nolan,1983,5.4,147781654,623417076
Movie_697,Romance,Guy Ritchie,1999,5.4,194584259,831219839
Movie_698,Romance,Martin Scorsese,1989,6.2,275354262,2217800931
Movie_699,Comedy,Martin Scorsese,2003,8.9,210839791,889444419
Movie_700,Drama,Patty Jenkins,2014,4.0,284707574,1535547121
Movie_701,Thriller,Ridley Scott,2005,9.0,93913792,936716224
Movie_702,Sci-Fi,Patty Jenkins,2016,4.8,280422197,1058727521
Movie_703,Comedy,Guy Ritchie,2017,9.4,282792088,2236222719
Movie_704,Sci-Fi,Ridley Scott,2000,9.3,257119453,1337418826
Movie_705,Comedy,Ridley Scott,2019,6.7,281121218,2359965520
Movie_706,Comedy,Quentin Tarantino,2018,6.8,237041176,1479745552
Movie_707,Comedy,Quentin Tarantino,2000,6.6,208631828,893923953
Movie_708,Drama,Steven Spielberg,1989,7.5,136097824,1055918535
Movie_709,Comedy,Greta Gerwig,2017,4.5,163973989,1176206255
Movie_710,Horror,Greta Gerwig,2025,4.2,246470972,837839177
Movie_711,Animation,Taika Waititi,1983,4.3,215499577,1379749452
Movie_712,Sci-Fi,Christopher Nolan,2024,6.4,52923821,231348591
Movie_713,Action,Greta Gerwig,1999,5.5,253732717,386039572
Movie_714,Adventure,Quentin Tarantino,1996,7.4,32087640,115385492
Movie_715,Thriller,Steven Spielberg,1986,9.5,170245460,1271502972
Movie_716,Fantasy,Steven Spielberg,1983,6.1,65940921,204132141
Movie_717,Drama,Ridley Scott,2008,7.2,201556420,290702515
Movie_718,Action,Taika Waititi,1993,6.3,118738096,1107863667
Movie_719,Romance,Patty Jenkins,1982,8.7,195343786,2347729764
Movie_720,Horror,Christopher Nolan,2003,9.0,66184214,738144736
Movie_721,Fantasy,Guy Ritchie,2016,8.8,145574403,557182507
Movie_722,Adventure,Ridley Scott,1995,9.4,243901521,844871128
Movie_723,Action,Patty Jenkins,1983,4.2,287067413,355250495
Movie_724,Fantasy,Greta Gerwig,2003,8.6,100398503,1047890443
Movie_725,Action,Taika Waititi,2013,8.1,138569942,1683996477
Movie_726,Horror,Ridley Scott,2009,5.3,101444098,431601603
Movie_727,Adventure,James Cameron,1997,9.3,155005031,528754951
Movie_728,Romance,Greta Gerwig,1998,4.8,106307377,468101120
Movie_729,Comedy,Patty Jenkins,2010,7.7,261188297,1384404529
Movie_730,Sci-Fi,Christopher Nolan,1998,5.2,291593971,1098937619
Movie_731,Romance,Guy Ritchie,2025,6.4,47433264,324781364
Movie_732,Comedy,Patty Jenkins,1998,8.0,17912586,172850057
Movie_733,Drama,Ridley Scott,2001,7.1,219960444,554168292
Movie_734,Animation,Ridley Scott,2003,6.4,129798911,207533981
Movie_735,Thriller,Guy Ritchie,2024,5.8,289768584,2675712110
Movie_736,Thriller,Martin Scorsese,1991,8.6,89897082,406519038
Movie_737,Sci-Fi,Christopher Nolan,2009,4.8,144881729,191496139
Movie_738,Adventure,Denis Villeneuve,2017,6.4,140343547,418403823
Movie_739,Horror,Greta Gerwig,2010,9.0,145816157,334045693
Movie_740,Adventure,Steven Spielberg,2015,8.7,139692571,909713880
Movie_741,Horror,Guy Ritchie,1998,6.2,205113497,1682924960
Movie_742,Adventure,Christopher Nolan,2024,8.2,170618124,948207883
Movie_743,Animation,Steven Spielberg,2015,8.5,292947386,2046466734
Movie_744,Drama,Christopher Nolan,2009,8.9,200104446,2040627360
Movie_745,Drama,Christopher Nolan,2012,7.0,264091135,1686792832
Movie_746,Comedy,Patty Jenkins,1997,5.1,272939004,1957169774
Movie_747,Fantasy,Christopher Nolan,2007,5.4,296237045,2259467988
Movie_748,Drama,Martin Scorsese,1990,5.6,209511707,250932140
Movie_749,Drama,Denis Villeneuve,2024,7.3,188134557,1770653452
Movie_750,Romance,Ridley Scott,2012,4.2,42535944,150964896
Movie_751,Romance,David Fincher,1996,7.5,137487526,1633740305
Movie_752,Comedy,Steven Spielberg,1985,6.0,138657017,729217972
Movie_753,Fantasy,Ridley Scott,1983,5.6,242522644,2148087135
Movie_754,Sci-Fi,David Fincher,1999,8.8,83932385,927981169
Movie_755,Romance,Denis Villeneuve,2006,6.5,217249590,773909181
Movie_756,Sci-Fi,Denis Villeneuve,1994,4.5,227625075,976941412
Movie_757,Action,Steven Spielberg,1985,8.5,118037912,1594268920
Movie_758,Romance,Steven Spielberg,1993,4.3,288811147,1739317264
Movie_759,Animation,Denis Villeneuve,1990,8.0,102303168,275247615
Movie_760,Fantasy,David Fincher,2018,8.3,13275520,131003396
Movie_761,Comedy,Guy Ritchie,1988,5.9,56341816,227310345
Movie_762,Action,Christopher Nolan,2005,8.5,274858025,490096297
Movie_763,Fantasy,Greta Gerwig,1995,6.8,98682857,513263238
Movie_764,Animation,Taika Waititi,1984,6.5,90696866,311658487
Movie_765,Fantasy,James Cameron,1989,4.2,189675279,1072604467
Movie_766,Animation,Taika Waititi,1982,5.6,144039165,542260207
Movie_767,Animation,Ridley Scott,1992,9.1,240292078,2970647305
Movie_768,Sci-Fi,Patty Jenkins,2022,6.2,223418704,278198760
Movie_769,Adventure,Ridley Scott,2009,7.0,247147061,1091556548
Movie_770,Action,Patty Jenkins,2024,6.9,134297804,498198650
Movie_771,Fantasy,David Fincher,1985,7.2,163746796,621314129
Movie_772,Horror,Patty Jenkins,1996,4.3,283128546,359710132
Movie_773,Action,Steven Spielberg,2024,6.0,248701005,689360356
Movie_774,Adventure,Guy Ritchie,1998,8.0,26732334,209104464
Movie_775,Action,Greta Gerwig,2021,5.1,63701639,197495341
Movie_776,Drama,Greta Gerwig,2014,5.1,251850748,1007453046
Movie_777,Horror,Steven Spielberg,2025,4.1,52039740,155245779
Movie_778,Adventure,Guy Ritchie,2005,6.4,42279258,385929638
Movie_779,Sci-Fi,Martin Scorsese,1984,8.9,136315724,1780286835
Movie_780,Fantasy,Taika Waititi,2008,4.3,111627230,427264493
Movie_781,Thriller,David Fincher,2016,5.1,229861172,776313235
Movie_782,Adventure,Taika Waititi,1999,5.7,248196322,494473991
Movie_783,Comedy,Martin Scorsese,2000,8.0,72967803,895906875
Movie_784,Fantasy,Martin Scorsese,1989,7.5,233783556,498516062
Movie_785,Adventure,Ridley Scott,1984,6.3,253326869,984244664
Movie_786,Drama,Denis Villeneuve,2015,8.2,253829488,1284834099
Movie_787,Thriller,Ridley Scott,1985,7.4,197542870,948078820
Movie_788,Drama,Denis Villeneuve,2005,8.9,136601368,522775356
Movie_789,Thriller,James Cameron,1983,8.5,141269593,1556737377
Movie_790,Comedy,Patty Jenkins,2018,5.4,267755886,537140755
Movie_791,Fantasy,Guy Ritchie,2018,5.5,266438169,1595639917
Movie_792,Sci-Fi,Denis Villeneuve,2014,4.7,141652051,248586155
Movie_793,Drama,Taika Waititi,1980,5.9,156558597,275953997
Movie_794,Drama,Steven Spielberg,2003,9.5,126241914,1766807648
Movie_795,Animation,Ridley Scott,2015,6.2,135903231,392803512
Movie_796,Thriller,Guy Ritchie,1985,5.2,268098896,1881706023
Movie_797,Romance,David Fincher,2020,8.2,229070648,1807908569
Movie_798,Fantasy,Guy Ritchie,2025,7.0,294992460,638066889
Movie_799,Thriller,Patty Jenkins,2023,4.8,184253375,1359902642
Movie_800,Animation,James Cameron,2010,6.1,53829582,179201282
Movie_801,Action,Denis Villeneuve,1999,6.3,102241406,904025867
Movie_802,Thriller,James Cameron,2003,8.1,273653802,967176128
Movie_803,Sci-Fi,David Fincher,2004,4.1,190151982,1087979692
Movie_804,Fantasy,Martin Scorsese,2015,5.5,158959147,191046935
Movie_805,Animation,Greta Gerwig,2000,6.8,294497250,1835351020
Movie_806,Action,David Fincher,2009,5.5,100797410,708072358
Movie_807,Horror,Quentin Tarantino,2003,7.5,218597539,2473508304
Movie_808,Animation,David Fincher,2023,6.7,243034338,2398339655
Movie_809,Horror,James Cameron,2021,6.0,122151391,987575539
Movie_810,Fantasy,Guy Ritchie,2009,9.2,280959673,3731117649
Movie_811,Drama,Steven Spielberg,2001,7.5,201943659,725342587
Movie_812,Animation,Ridley Scott,2007,4.7,278759847,783296399
Movie_813,Comedy,Steven Spielberg,1986,7.1,272341948,1168986180
Movie_814,Horror,James Cameron,2014,8.3,105197446,635536344
Movie_815,Sci-Fi,Ridley Scott,2007,7.9,23919530,141845841
Movie_816,Comedy,Quentin Tarantino,1993,4.9,297847714,1404545431
Movie_817,Adventure,Greta Gerwig,1989,9.3,1122019,4422588
Movie_818,Adventure,Patty Jenkins,1995,6.5,164949708,1252025132
Movie_819,Action,Taika Waititi,1995,4.9,136983045,291706279
Movie_820,Drama,James Cameron,2010,5.0,219282809,695600018
Movie_821,Fantasy,Guy Ritchie,2021,4.5,163276479,664710681
Movie_822,Animation,Denis Villeneuve,2004,8.4,143420365,1584241574
Movie_823,Romance,James Cameron,1992,4.7,121686500,706476232
Movie_824,Sci-Fi,James Cameron,1985,4.7,88013102,456578181
Movie_825,Horror,Ridley Scott,2023,8.7,164231741,597363119
Movie_826,Fantasy,Christopher Nolan,1988,5.9,244863363,1395377027
Movie_827,Comedy,David Fincher,2024,4.2,242926951,328968137
Movie_828,Adventure,Guy Ritchie,2015,4.3,137634554,431033755
Movie_829,Sci-Fi,Christopher Nolan,2022,4.8,126220559,471917349
Movie_830,Romance,Quentin Tarantino,1999,5.2,139508175,185521776
Movie_831,Animation,Denis Villeneuve,1997,7.7,181024509,813450233
Movie_832,Action,Greta Gerwig,2022,4.9,135362499,1020058675
Movie_833,Romance,Martin Scorsese,2000,4.7,190764012,1376343758
Movie_834,Sci-Fi,Quentin Tarantino,1983,8.2,186558299,1060530682
Movie_835,Romance,Martin Scorsese,2012,7.7,79495583,159358369
Movie_836,Sci-Fi,Guy Ritchie,2006,6.4,19598124,56534525
Movie_837,Sci-Fi,Guy Ritchie,1986,7.0,245987166,1289891358
Movie_838,Thriller,Martin Scorsese,1985,5.7,291746503,2539152085
Movie_839,Horror,Guy Ritchie,1994,6.7,11425111,30441605
Movie_840,Adventure,Greta Gerwig,1997,6.8,54012638,466057274
Movie_841,Thriller,Steven Spielberg,2011,6.1,271798310,583863236
Movie_842,Animation,Christopher Nolan,1990,9.0,49025351,694387495
Movie_843,Thriller,James Cameron,1999,4.1,216669318,652278367
Movie_844,Drama,Patty Jenkins,2003,8.3,255709239,2727963783
Movie_845,Drama,Martin Scorsese,1994,4.7,178899890,571450852
Movie_846,Adventure,Denis Villeneuve,1986,8.4,20828838,188738140
Movie_847,Romance,Quentin Tarantino,2000,7.4,45729321,158648122
Movie_848,Horror,Steven Spielberg,2021,8.6,286987964,998170849
Movie_849,Adventure,Martin Scorsese,2005,4.5,21704568,147803855
Movie_850,Sci-Fi,Steven Spielberg,2023,7.1,154328591,1626841560
Movie_851,Comedy,Steven Spielberg,1993,6.8,122163746,1198268062
Movie_852,Horror,Martin Scorsese,2016,7.9,11298825,96009437
Movie_853,Horror,Ridley Scott,2000,6.9,279424805,2567319040
Movie_854,Sci-Fi,David Fincher,1997,7.0,135406801,281180615
Movie_855,Sci-Fi,Denis Villeneuve,1984,6.4,185908657,795635104
Movie_856,Action,James Cameron,1982,5.7,226219780,824198047
Movie_857,Adventure,James Cameron,2002,6.7,133988788,978433444
Movie_858,Sci-Fi,Denis Villeneuve,2005,4.7,230599964,756875697
Movie_859,Drama,Ridley Scott,2016,9.3,100762598,382248789
Movie_860,Animation,Guy Ritchie,2003,7.9,296939681,2428053754
Movie_861,Comedy,James Cameron,1998,9.2,80863165,996983381
Movie_862,Adventure,Steven Spielberg,2004,5.2,93068012,355692822
Movie_863,Fantasy,Greta Gerwig,2000,8.8,142970070,484604282
Movie_864,Drama,Quentin Tarantino,1991,8.4,35613597,142206987
Movie_865,Romance,Christopher Nolan,2020,7.7,174072261,713708460
Movie_866,Sci-Fi,James Cameron,2012,7.4,293808631,1347682286
Movie_867,Fantasy,Denis Villeneuve,1983,5.7,242813997,1522323486
Movie_868,Sci-Fi,Greta Gerwig,2021,8.5,18353731,162453484
Movie_869,Horror,Martin Scorsese,1986,6.8,78859932,629829063
Movie_870,Drama,David Fincher,2001,4.4,173059542,538736469
Movie_871,Horror,Denis Villeneuve,2012,5.7,3050053,23532687
Movie_872,Action,Guy Ritchie,1996,9.1,6021983,26617627
Movie_873,Horror,Steven Spielberg,2003,8.7,253417641,1888700468
Movie_874,Action,David Fincher,2013,9.4,204888505,2544787675
Movie_875,Action,Quentin Tarantino,2007,7.5,61539487,208721373
Movie_876,Fantasy,Quentin Tarantino,2022,5.4,105731080,202006115
Movie_877,Sci-Fi,Ridley Scott,2020,4.9,252119332,1775442493
Movie_878,Romance,Patty Jenkins,2018,5.0,115173129,391647105
Movie_879,Horror,Ridley Scott,2001,4.1,41180087,195416582
Movie_880,Drama,Guy Ritchie,1996,6.1,169660858,243713933
Movie_881,Action,Greta Gerwig,2013,5.1,256144382,1523273934
Movie_882,Sci-Fi,David Fincher,1985,6.3,95483266,386517556
Movie_883,Comedy,Patty Jenkins,2025,9.1,28397770,71850290
Movie_884,Adventure,Martin Scorsese,1985,6.4,87566339,590540590
Movie_885,Fantasy,Steven Spielberg,2013,8.8,198968597,940465467
Movie_886,Romance,David Fincher,1980,7.3,239070213,1294127708
Movie_887,Thriller,Ridley Scott,1989,5.4,282636130,477426390
Movie_888,Fantasy,Christopher Nolan,2000,6.0,32802560,79912655
Movie_889,Comedy,Taika Waititi,1984,4.5,109285907,303515004
Movie_890,Adventure,Patty Jenkins,1981,5.8,32148181,60722999
Movie_891,Comedy,Patty Jenkins,2001,7.7,144013743,1635809929
Movie_892,Horror,Guy Ritchie,1981,4.4,69412170,63668298
Movie_893,Action,Steven Spielberg,1989,5.1,130661929,584681029
Movie_894,Romance,James Cameron,2013,6.1,111679554,253795504
Movie_895,Animation,Quentin Tarantino,1995,9.4,285035147,1689989581
Movie_896,Action,Quentin Tarantino,2018,8.3,149202070,1853210874
Movie_897,Animation,Christopher Nolan,2001,8.0,271778592,927031069
Movie_898,Adventure,Greta Gerwig,1991,4.6,241449041,1723936528
Movie_899,Sci-Fi,Guy Ritchie,2003,8.3,235043642,952239513
Movie_900,Thriller,Greta Gerwig,2019,8.3,273858344,2814441702
Movie_901,Drama,Martin Scorsese,2017,7.3,242305366,1707536005
Movie_902,Action,David Fincher,1989,9.4,283145481,3828053300
Movie_903,Romance,Taika Waititi,2014,5.8,53052092,300191296
Movie_904,Comedy,Denis Villeneuve,2011,9.2,193623684,1689390408
Movie_905,Romance,James Cameron,1986,9.0,246742638,1051807313
Movie_906,Adventure,Ridley Scott,2000,4.1,200537919,355785660
Movie_907,Animation,Denis Villeneuve,1999,6.5,181139734,1746196323
Movie_908,Comedy,Denis Villeneuve,2005,9.4,182219357,1128730601
Movie_909,Drama,Guy Ritchie,1983,4.6,113916760,377771867
Movie_910,Drama,Patty Jenkins,2025,7.0,152292827,1347223748
Movie_911,Action,Christopher Nolan,2001,9.4,24627745,156113232
Movie_912,Adventure,Quentin Tarantino,1994,7.1,198295340,2158147475
Movie_913,Sci-Fi,Martin Scorsese,2019,5.0,281976631,1738525334
Movie_914,Adventure,Greta Gerwig,2000,7.2,186305455,1390227470
Movie_915,Animation,Taika Waititi,1994,5.1,289846318,2118658166
Movie_916,Romance,Guy Ritchie,2001,6.9,32280152,60015035
Movie_917,Drama,Christopher Nolan,2007,4.4,203769993,501988637
Movie_918,Romance,Patty Jenkins,1993,7.3,99632397,618983336
Movie_919,Romance,Ridley Scott,2006,6.8,281915437,992577933
Movie_920,Romance,Martin Scorsese,2020,8.1,78755705,791958298
Movie_921,Drama,Guy Ritchie,2019,7.5,237067454,2643701410
Movie_922,Fantasy,Patty Jenkins,2007,7.0,72264168,401279107
Movie_923,Horror,Taika Waititi,2005,7.8,226018904,1197016003
Movie_924,Animation,Quentin Tarantino,1981,4.8,158705549,1177852422
Movie_925,Fantasy,Quentin Tarantino,2004,7.3,149712802,899233755
Movie_926,Animation,Guy Ritchie,1982,4.9,164290849,712179805
Movie_927,Comedy,Quentin Tarantino,1987,9.1,102824010,647793255
Movie_928,Adventure,Christopher Nolan,2023,4.4,235515334,1526803186
Movie_929,Adventure,Christopher Nolan,2012,6.4,45923382,292892034
Movie_930,Thriller,Greta Gerwig,2021,7.8,63344912,626034375
Movie_931,Adventure,Guy Ritchie,2014,6.5,129387965,1124050329
Movie_932,Drama,Greta Gerwig,1985,4.5,120052545,366598329
Movie_933,Sci-Fi,Guy Ritchie,2018,7.0,222035339,1254545059
Movie_934,Action,Ridley Scott,2002,7.5,155318968,1616707935
Movie_935,Thriller,Guy Ritchie,2004,7.9,192673129,1078507914
Movie_936,Action,Taika Waititi,2022,6.1,223979025,1791878348
Movie_937,Animation,Martin Scorsese,1998,7.1,218421877,2353160160
Movie_938,Action,Steven Spielberg,1984,6.5,170186634,1186407512
Movie_939,Action,Steven Spielberg,1990,7.7,194291023,1852514808
Movie_940,Thriller,Patty Jenkins,1991,7.2,42604850,407105570
Movie_941,Comedy,Quentin Tarantino,1989,6.9,77858897,743013917
Movie_942,Romance,Martin Scorsese,1987,5.4,124061236,504507823
Movie_943,Adventure,Denis Villeneuve,2003,4.0,49544005,53858067
Movie_944,Adventure,Christopher Nolan,2007,5.0,136787448,521588854
Movie_945,Drama,David Fincher,2020,4.6,161511339,849386536
Movie_946,Thriller,James Cameron,2015,6.5,274617386,1482436417
Movie_947,Drama,Ridley Scott,2016,7.4,243377134,2248624191
Movie_948,Sci-Fi,Quentin Tarantino,2000,5.2,173906799,632817640
Movie_949,Sci-Fi,Quentin Tarantino,1987,9.2,98428812,985814213
Movie_950,Drama,Taika Waititi,1988,4.0,285391299,526247544
Movie_951,Thriller,Quentin Tarantino,1994,8.2,27875637,285523491
Movie_952,Drama,Christopher Nolan,2025,7.4,190831809,1361281579
Movie_953,Adventure,Christopher Nolan,2019,6.1,266797081,790442347
Movie_954,Fantasy,James Cameron,1997,4.3,109401466,286337032
Movie_955,Horror,Guy Ritchie,2021,7.5,152904154,1431242734
Movie_956,Action,Denis Villeneuve,1999,6.1,284775566,1521104352
Movie_957,Horror,Martin Scorsese,1985,9.1,93307454,426624124
Movie_958,Thriller,Quentin Tarantino,1991,7.0,7240327,78769383
Movie_959,Horror,Steven Spielberg,1981,9.2,126598982,1399021328
Movie_960,Sci-Fi,Greta Gerwig,1986,5.2,30915838,247572224
Movie_961,Animation,Taika Waititi,1995,8.0,57620918,367827538
Movie_962,Action,Taika Waititi,1982,7.4,215183853,1377615533
Movie_963,Romance,Steven Spielberg,2024,8.1,299275390,3532291209
Movie_964,Thriller,Patty Jenkins,1982,5.2,218209831,1061014578
Movie_965,Action,Steven Spielberg,2006,7.7,220564043,2021351820
Movie_966,Horror,Patty Jenkins,2022,6.7,153453260,568602884
Movie_967,Sci-Fi,David Fincher,2019,8.1,165654634,1107546698
Movie_968,Comedy,Greta Gerwig,2017,5.8,240009808,519000307
Movie_969,Fantasy,Taika Waititi,2012,8.9,291144720,1265463799
Movie_970,Romance,Steven Spielberg,2007,4.5,41322851,37436168
Movie_971,Fantasy,David Fincher,1980,8.4,290074132,621268304
Movie_972,Action,Guy Ritchie,1987,8.7,238934404,3259857807
Movie_973,Sci-Fi,Ridley Scott,2016,8.5,294128995,1348289952
Movie_974,Sci-Fi,Martin Scorsese,2011,6.8,218150069,1674240251
Movie_975,Horror,David Fincher,2022,6.4,7257838,63856877
Movie_976,Adventure,Martin Scorsese,2016,9.5,161317028,1487953439
Movie_977,Horror,Steven Spielberg,1983,5.3,128757974,282795283
Movie_978,Adventure,Denis Villeneuve,2009,7.0,11601417,99024371
Movie_979,Adventure,Guy Ritchie,1985,7.7,163333766,1308419465
Movie_980,Romance,David Fincher,2025,7.9,221305388,2139498944
Movie_981,Horror,Greta Gerwig,1998,5.1,40028092,260822682
Movie_982,Comedy,Steven Spielberg,2011,7.6,289222500,3441275250
Movie_983,Drama,Quentin Tarantino,1988,8.5,85062435,725191541
Movie_984,Drama,Christopher Nolan,1991,4.3,296517614,864846845
Movie_985,Horror,David Fincher,1990,9.0,129593837,1292135233
Movie_986,Horror,Greta Gerwig,2025,4.2,227612659,282793107
Movie_987,Fantasy,Ridley Scott,1995,6.0,157196626,1373605728
Movie_988,Romance,Quentin Tarantino,1980,4.1,239080063,359874548
Movie_989,Horror,Ridley Scott,2024,4.4,200252132,580633436
Movie_990,Fantasy,Steven Spielberg,2000,9.0,44640858,539189773
Movie_991,Adventure,Christopher Nolan,2009,6.0,154771318,962278903
Movie_992,Sci-Fi,David Fincher,1992,6.3,125124147,592070607
Movie_993,Sci-Fi,David Fincher,2013,5.2,204645212,918163582
Movie_994,Adventure,Denis Villeneuve,1983,7.3,105150675,1071850709
Movie_995,Thriller,Taika Waititi,2007,7.3,79058309,390140487
Movie_996,Fantasy,Denis Villeneuve,2017,6.0,141513153,1203577482
Movie_997,Fantasy,Steven Spielberg,2010,5.8,144690645,271389236
Movie_998,Adventure,Steven Spielberg,2006,8.9,3429151,39294327
Movie_999,Comedy,Christopher Nolan,1984,6.1,235922767,1995448160
Movie_1000,Animation,Denis Villeneuve,2004,6.7,199835345,608588468
